IP Address,Failed Attempts
26.83.16.99,2
142.92.37.147,2
71.86.133.112,2
18.239.66.29,2
69.78.49.179,2
197.146.235.252,2
15.159.207.133,2
32.33.158.17,2
62.159.76.126,2
213.42.164.219,2
209.4.252.22,2
132.91.229.78,2
126.48.141.168,1
114.89.244.50,1
160.57.131.202,1
170.1.43.149,1
84.123.198.72,1
146.104.250.3,1
146.148.194.51,1
158.127.123.223,1
210.145.100.235,1
220.133.127.72,1
73.93.239.254,1
135.169.23.53,1
191.85.225.209,1
111.121.94.152,1
48.11.66.235,1
157.79.31.38,1
94.214.65.70,1
136.120.84.37,1
58.133.211.7,1
107.145.207.4,1
58.133.162.107,1
221.98.28.167,1
208.0.145.9,1
173.11.78.252,1
134.66.25.69,1
210.154.97.183,1
211.180.118.252,1
86.54.29.221,1
103.9.230.197,1
203.254.150.156,1
5.169.170.43,1
40.220.122.139,1
55.128.58.155,1
174.100.208.87,1
41.246.102.136,1
78.37.211.125,1
36.22.63.163,1
169.7.18.9,1
